paper_id,title,authors,year,journal,doi,topic_tag,source_filename
P01,The Cumulative Cost of Additional Wakefulness: Dose-Response Effects on Neurobehavioral Functions and Sleep Physiology From Chronic Sleep Restriction and Total Sleep Deprivation,Hans P.A. Van Dongen; Greg Maislin; Janet M. Mullington; David F. Dinges,2003,Sleep,,sleep_restriction,"[P1] Van Dongen et al., The Cumulative Cost of Additional Wakefulness.txt"
P02,"Effects of a Single, Oral 60 mg Caffeine Dose on Attention in Healthy Adult Subjects",Micha M.M. Wilhelmus; Justin L. Hay; Rob G.J.A. Zuiker; Pieter Okkerse; Christelle Perdrieu; Julien Sauser; Maurice Beaumont; Jeroen Schmitt; Joop M.A. van Gerven; Beata Y. Silber,2017,Journal of Psychopharmacology,10.1177/0269881116668593,caffeine_attention,"[P2] Effects of a Single, Oral 60 mg Caffeine Dose on Attention in Healthy Adult Subjects.txt"
P03,"Non-Visual Effects of Light on Melatonin, Alertness and Cognitive Performance: Can Blue-Enriched Light Keep Us Alert?",Sarah Laxhmi Chellappa; Roland Steiner; Peter Blattner; Peter Oelhafen; Thomas Götz; Christian Cajochen,2011,PLOS ONE,10.1371/journal.pone.0016429,blue_light_alertness,"[P3] Non-Visual Effects of Light on Melatonin, Alertness and Cognitive Performance.txt"
P04,Brain Drain: The Mere Presence of One's Own Smartphone Reduces Available Cognitive Capacity,Adrian F. Ward; Kristen Duke; Ayelet Gneezy; Maarten W. Bos,2017,Journal of the Association for Consumer Research,10.1086/691462,smartphone_presence_cognition,[P4] Brain Drain The Mere Presence of One's Own Smartphone Reduces Available Cognitive Capacity.txt
P05,Attention and short-term memory during occupational noise exposure considering task difficulty,Rostam Golmohammadi; Ebrahim Darvishi; Javad Faradmal; Jalal Poorolajal; Mohsen Aliabadi,2020,Applied Acoustics,10.1016/j.apacoust.2019.107065,occupational_noise_cognition,[P5] Attention and short-term memory during occupational noise exposure considering task difficulty.txt
P06,The Attention System of the Human Brain: 20 Years After,Steven E. Petersen; Michael I. Posner,2012,Annual Review of Neuroscience,10.1146/annurev-neuro-062111-150525,attention_networks,[P6] The Attention System of the Human Brain 20 Years After.txt
P07,A comprehensive review of attention tests: can we assess what we exactly do not understand?,Ehsan Nasiri; Mohammad Khalilzad; Zahra Hakimzadeh; Ashkan Isari; Sajjad Faryabi-Yousefabad; Saeed Sadigh-Eteghad; Amirreza Naseri,2023,"The Egyptian Journal of Neurology, Psychiatry and Neurosurgery",10.1186/s41983-023-00628-4,attention_tests,[P7] A comprehensive review of attention tests can we assess what we exactly do not understand.txt
P08,The challenge of improving assessment and treatment for attention-deficit/hyperactivity disorder in Australia,Benjamin Johnson; Stephen Parker; Richard Xu; Rachel Simmons; Wayne Hall,2026,Australian & New Zealand Journal of Psychiatry,10.1177/00048674261465180,adhd_assessment_treatment,[P8] The challenge of improving assessment and treatment for attention-deficit hyperactivity disorder in Australia.txt
P09,Popular interventions to enhance sustained attention in children and adolescents: A critical systematic review,Eadaoin J. Slattery; Eoin O'Callaghan; Patrick Ryan; Donal G. Fortune; Laura P. McAvinue,2022,Neuroscience & Biobehavioral Reviews,10.1016/j.neubiorev.2022.104633,sustained_attention_interventions,[P9] Popular interventions to enhance sustained attention in children and adolescentsA critical systematic review☆.txt
